"Subject","Start Date","Start Time","End Date","End Time","All day event","Description","Show time as","Location"
"Tu BiShvat","1/26/2013",,,,"true","New Year for Trees","3","Jewish Holidays"
"Erev Purim","2/23/2013",,,,"true","Purim is one of the most joyous and fun holidays on the Jewish calendar","3","Jewish Holidays"
"Purim","2/24/2013",,,,"true","Purim is one of the most joyous and fun holidays on the Jewish calendar","3","Jewish Holidays"
"Shushan Purim","2/25/2013",,,,"true","Purim celebrated in Jerusalem and walled cities","3","Jewish Holidays"
"Erev Pesach","3/25/2013",,,,"true","Passover; the Feast of Unleavened Bread","3","Jewish Holidays"
"Pesach I","3/26/2013",,,,"true","Passover; the Feast of Unleavened Bread","4","Jewish Holidays"
"Pesach II","3/27/2013",,,,"true","Passover; the Feast of Unleavened Bread","4","Jewish Holidays"
"Pesach III (CH''M)","3/28/2013",,,,"true","Passover; the Feast of Unleavened Bread","3","Jewish Holidays"
"Pesach IV (CH''M)","3/29/2013",,,,"true","Passover; the Feast of Unleavened Bread","3","Jewish Holidays"
"Pesach V (CH''M)","3/30/2013",,,,"true","Passover; the Feast of Unleavened Bread","3","Jewish Holidays"
"Pesach VI (CH''M)","3/31/2013",,,,"true","Passover; the Feast of Unleavened Bread","3","Jewish Holidays"
"Pesach VII","4/1/2013",,,,"true","Passover; the Feast of Unleavened Bread","4","Jewish Holidays"
"Pesach VIII","4/2/2013",,,,"true","Passover; the Feast of Unleavened Bread","4","Jewish Holidays"
"Yom HaShoah","4/8/2013",,,,"true","Holocaust Memorial Day","3","Jewish Holidays"
"Yom HaZikaron","4/15/2013",,,,"true","Israeli Memorial Day","3","Jewish Holidays"
"Yom HaAtzma'ut","4/16/2013",,,,"true","Israeli Independence Day","3","Jewish Holidays"
"Pesach Sheni","4/24/2013",,,,"true","Second Passover; one month after Passover","3","Jewish Holidays"
"Lag B'Omer","4/28/2013",,,,"true","33rd day of counting the Omer","3","Jewish Holidays"
"Yom Yerushalayim","5/8/2013",,,,"true","Jerusalem Day","3","Jewish Holidays"
"Erev Shavuot","5/14/2013",,,,"true","Festival of Weeks; commemorates the giving of the Torah at Mount Sinai","3","Jewish Holidays"
"Shavuot I","5/15/2013",,,,"true","Festival of Weeks; commemorates the giving of the Torah at Mount Sinai","4","Jewish Holidays"
"Shavuot II","5/16/2013",,,,"true","Festival of Weeks; commemorates the giving of the Torah at Mount Sinai","4","Jewish Holidays"
"Erev Tish'a B'Av","7/15/2013",,,,"true","The Ninth of Av; fast commemorating the destruction of the two Temples","3","Jewish Holidays"
"Tish'a B'Av","7/16/2013",,,,"true","The Ninth of Av; fast commemorating the destruction of the two Temples","3","Jewish Holidays"
"Erev Rosh Hashana","9/4/2013",,,,"true","The Jewish New Year","3","Jewish Holidays"
"Rosh Hashana 5774","9/5/2013",,,,"true","The Jewish New Year","4","Jewish Holidays"
"Rosh Hashana II","9/6/2013",,,,"true","The Jewish New Year","4","Jewish Holidays"
"Erev Yom Kippur","9/13/2013",,,,"true","Day of Atonement","3","Jewish Holidays"
"Yom Kippur","9/14/2013",,,,"true","Day of Atonement","4","Jewish Holidays"
"Erev Sukkot","9/18/2013",,,,"true","Feast of Tabernacles","3","Jewish Holidays"
"Sukkot I","9/19/2013",,,,"true","Feast of Tabernacles","4","Jewish Holidays"
"Sukkot II","9/20/2013",,,,"true","Feast of Tabernacles","4","Jewish Holidays"
"Sukkot III (CH''M)","9/21/2013",,,,"true","Feast of Tabernacles","3","Jewish Holidays"
"Sukkot IV (CH''M)","9/22/2013",,,,"true","Feast of Tabernacles","3","Jewish Holidays"
"Sukkot V (CH''M)","9/23/2013",,,,"true","Feast of Tabernacles","3","Jewish Holidays"
"Sukkot VI (CH''M)","9/24/2013",,,,"true","Feast of Tabernacles","3","Jewish Holidays"
"Sukkot VII (Hoshana Raba)","9/25/2013",,,,"true","Feast of Tabernacles","3","Jewish Holidays"
"Shmini Atzeret","9/26/2013",,,,"true","Eighth Day of Assembly","4","Jewish Holidays"
"Simchat Torah","9/27/2013",,,,"true","Day of Celebrating the Torah","4","Jewish Holidays"
"Chanukah: 1 Candle","11/27/2013",,,,"true","The Jewish festival of rededication; also known as the Festival of Lights","3","Jewish Holidays"
"Chanukah: 2 Candles","11/28/2013",,,,"true","The Jewish festival of rededication; also known as the Festival of Lights","3","Jewish Holidays"
"Chanukah: 3 Candles","11/29/2013",,,,"true","The Jewish festival of rededication; also known as the Festival of Lights","3","Jewish Holidays"
"Chanukah: 4 Candles","11/30/2013",,,,"true","The Jewish festival of rededication; also known as the Festival of Lights","3","Jewish Holidays"
"Chanukah: 5 Candles","12/1/2013",,,,"true","The Jewish festival of rededication; also known as the Festival of Lights","3","Jewish Holidays"
"Chanukah: 6 Candles","12/2/2013",,,,"true","The Jewish festival of rededication; also known as the Festival of Lights","3","Jewish Holidays"
"Chanukah: 7 Candles","12/3/2013",,,,"true","The Jewish festival of rededication; also known as the Festival of Lights","3","Jewish Holidays"
"Chanukah: 8 Candles","12/4/2013",,,,"true","The Jewish festival of rededication; also known as the Festival of Lights","3","Jewish Holidays"
"Chanukah: 8th Day","12/5/2013",,,,"true","The Jewish festival of rededication; also known as the Festival of Lights","3","Jewish Holidays"
"Tu BiShvat","1/16/2014",,,,"true","New Year for Trees","3","Jewish Holidays"
"Purim Katan","2/14/2014",,,,"true","Minor Purim celebration during Adar I on leap years","3","Jewish Holidays"
"Erev Purim","3/15/2014",,,,"true","Purim is one of the most joyous and fun holidays on the Jewish calendar","3","Jewish Holidays"
"Purim","3/16/2014",,,,"true","Purim is one of the most joyous and fun holidays on the Jewish calendar","3","Jewish Holidays"
"Shushan Purim","3/17/2014",,,,"true","Purim celebrated in Jerusalem and walled cities","3","Jewish Holidays"
"Erev Pesach","4/14/2014",,,,"true","Passover; the Feast of Unleavened Bread","3","Jewish Holidays"
"Pesach I","4/15/2014",,,,"true","Passover; the Feast of Unleavened Bread","4","Jewish Holidays"
"Pesach II","4/16/2014",,,,"true","Passover; the Feast of Unleavened Bread","4","Jewish Holidays"
"Pesach III (CH''M)","4/17/2014",,,,"true","Passover; the Feast of Unleavened Bread","3","Jewish Holidays"
"Pesach IV (CH''M)","4/18/2014",,,,"true","Passover; the Feast of Unleavened Bread","3","Jewish Holidays"
"Pesach V (CH''M)","4/19/2014",,,,"true","Passover; the Feast of Unleavened Bread","3","Jewish Holidays"
"Pesach VI (CH''M)","4/20/2014",,,,"true","Passover; the Feast of Unleavened Bread","3","Jewish Holidays"
"Pesach VII","4/21/2014",,,,"true","Passover; the Feast of Unleavened Bread","4","Jewish Holidays"
"Pesach VIII","4/22/2014",,,,"true","Passover; the Feast of Unleavened Bread","4","Jewish Holidays"
"Yom HaShoah","4/28/2014",,,,"true","Holocaust Memorial Day","3","Jewish Holidays"
"Yom HaZikaron","5/5/2014",,,,"true","Israeli Memorial Day","3","Jewish Holidays"
"Yom HaAtzma'ut","5/6/2014",,,,"true","Israeli Independence Day","3","Jewish Holidays"
"Pesach Sheni","5/14/2014",,,,"true","Second Passover; one month after Passover","3","Jewish Holidays"
"Lag B'Omer","5/18/2014",,,,"true","33rd day of counting the Omer","3","Jewish Holidays"
"Yom Yerushalayim","5/28/2014",,,,"true","Jerusalem Day","3","Jewish Holidays"
"Erev Shavuot","6/3/2014",,,,"true","Festival of Weeks; commemorates the giving of the Torah at Mount Sinai","3","Jewish Holidays"
"Shavuot I","6/4/2014",,,,"true","Festival of Weeks; commemorates the giving of the Torah at Mount Sinai","4","Jewish Holidays"
"Shavuot II","6/5/2014",,,,"true","Festival of Weeks; commemorates the giving of the Torah at Mount Sinai","4","Jewish Holidays"
"Erev Tish'a B'Av","8/4/2014",,,,"true","The Ninth of Av; fast commemorating the destruction of the two Temples","3","Jewish Holidays"
"Tish'a B'Av","8/5/2014",,,,"true","The Ninth of Av; fast commemorating the destruction of the two Temples","3","Jewish Holidays"
"Erev Rosh Hashana","9/24/2014",,,,"true","The Jewish New Year","3","Jewish Holidays"
"Rosh Hashana 5775","9/25/2014",,,,"true","The Jewish New Year","4","Jewish Holidays"
"Rosh Hashana II","9/26/2014",,,,"true","The Jewish New Year","4","Jewish Holidays"
"Erev Yom Kippur","10/3/2014",,,,"true","Day of Atonement","3","Jewish Holidays"
"Yom Kippur","10/4/2014",,,,"true","Day of Atonement","4","Jewish Holidays"
"Erev Sukkot","10/8/2014",,,,"true","Feast of Tabernacles","3","Jewish Holidays"
"Sukkot I","10/9/2014",,,,"true","Feast of Tabernacles","4","Jewish Holidays"
"Sukkot II","10/10/2014",,,,"true","Feast of Tabernacles","4","Jewish Holidays"
"Sukkot III (CH''M)","10/11/2014",,,,"true","Feast of Tabernacles","3","Jewish Holidays"
"Sukkot IV (CH''M)","10/12/2014",,,,"true","Feast of Tabernacles","3","Jewish Holidays"
"Sukkot V (CH''M)","10/13/2014",,,,"true","Feast of Tabernacles","3","Jewish Holidays"
"Sukkot VI (CH''M)","10/14/2014",,,,"true","Feast of Tabernacles","3","Jewish Holidays"
"Sukkot VII (Hoshana Raba)","10/15/2014",,,,"true","Feast of Tabernacles","3","Jewish Holidays"
"Shmini Atzeret","10/16/2014",,,,"true","Eighth Day of Assembly","4","Jewish Holidays"
"Simchat Torah","10/17/2014",,,,"true","Day of Celebrating the Torah","4","Jewish Holidays"
"Chanukah: 1 Candle","12/16/2014",,,,"true","The Jewish festival of rededication; also known as the Festival of Lights","3","Jewish Holidays"
"Chanukah: 2 Candles","12/17/2014",,,,"true","The Jewish festival of rededication; also known as the Festival of Lights","3","Jewish Holidays"
"Chanukah: 3 Candles","12/18/2014",,,,"true","The Jewish festival of rededication; also known as the Festival of Lights","3","Jewish Holidays"
"Chanukah: 4 Candles","12/19/2014",,,,"true","The Jewish festival of rededication; also known as the Festival of Lights","3","Jewish Holidays"
"Chanukah: 5 Candles","12/20/2014",,,,"true","The Jewish festival of rededication; also known as the Festival of Lights","3","Jewish Holidays"
"Chanukah: 6 Candles","12/21/2014",,,,"true","The Jewish festival of rededication; also known as the Festival of Lights","3","Jewish Holidays"
"Chanukah: 7 Candles","12/22/2014",,,,"true","The Jewish festival of rededication; also known as the Festival of Lights","3","Jewish Holidays"
"Chanukah: 8 Candles","12/23/2014",,,,"true","The Jewish festival of rededication; also known as the Festival of Lights","3","Jewish Holidays"
"Chanukah: 8th Day","12/24/2014",,,,"true","The Jewish festival of rededication; also known as the Festival of Lights","3","Jewish Holidays"
"Tu BiShvat","2/4/2015",,,,"true","New Year for Trees","3","Jewish Holidays"
"Erev Purim","3/4/2015",,,,"true","Purim is one of the most joyous and fun holidays on the Jewish calendar","3","Jewish Holidays"
"Purim","3/5/2015",,,,"true","Purim is one of the most joyous and fun holidays on the Jewish calendar","3","Jewish Holidays"
"Shushan Purim","3/6/2015",,,,"true","Purim celebrated in Jerusalem and walled cities","3","Jewish Holidays"
"Erev Pesach","4/3/2015",,,,"true","Passover; the Feast of Unleavened Bread","3","Jewish Holidays"
"Pesach I","4/4/2015",,,,"true","Passover; the Feast of Unleavened Bread","4","Jewish Holidays"
"Pesach II","4/5/2015",,,,"true","Passover; the Feast of Unleavened Bread","4","Jewish Holidays"
"Pesach III (CH''M)","4/6/2015",,,,"true","Passover; the Feast of Unleavened Bread","3","Jewish Holidays"
"Pesach IV (CH''M)","4/7/2015",,,,"true","Passover; the Feast of Unleavened Bread","3","Jewish Holidays"
"Pesach V (CH''M)","4/8/2015",,,,"true","Passover; the Feast of Unleavened Bread","3","Jewish Holidays"
"Pesach VI (CH''M)","4/9/2015",,,,"true","Passover; the Feast of Unleavened Bread","3","Jewish Holidays"
"Pesach VII","4/10/2015",,,,"true","Passover; the Feast of Unleavened Bread","4","Jewish Holidays"
"Pesach VIII","4/11/2015",,,,"true","Passover; the Feast of Unleavened Bread","4","Jewish Holidays"
"Yom HaShoah","4/16/2015",,,,"true","Holocaust Memorial Day","3","Jewish Holidays"
"Yom HaZikaron","4/22/2015",,,,"true","Israeli Memorial Day","3","Jewish Holidays"
"Yom HaAtzma'ut","4/23/2015",,,,"true","Israeli Independence Day","3","Jewish Holidays"
"Pesach Sheni","5/3/2015",,,,"true","Second Passover; one month after Passover","3","Jewish Holidays"
"Lag B'Omer","5/7/2015",,,,"true","33rd day of counting the Omer","3","Jewish Holidays"
"Yom Yerushalayim","5/17/2015",,,,"true","Jerusalem Day","3","Jewish Holidays"
"Erev Shavuot","5/23/2015",,,,"true","Festival of Weeks; commemorates the giving of the Torah at Mount Sinai","3","Jewish Holidays"
"Shavuot I","5/24/2015",,,,"true","Festival of Weeks; commemorates the giving of the Torah at Mount Sinai","4","Jewish Holidays"
"Shavuot II","5/25/2015",,,,"true","Festival of Weeks; commemorates the giving of the Torah at Mount Sinai","4","Jewish Holidays"
"Erev Tish'a B'Av","7/25/2015",,,,"true","The Ninth of Av; fast commemorating the destruction of the two Temples","3","Jewish Holidays"
"Tish'a B'Av","7/26/2015",,,,"true","The Ninth of Av; fast commemorating the destruction of the two Temples","3","Jewish Holidays"
"Erev Rosh Hashana","9/13/2015",,,,"true","The Jewish New Year","3","Jewish Holidays"
"Rosh Hashana 5776","9/14/2015",,,,"true","The Jewish New Year","4","Jewish Holidays"
"Rosh Hashana II","9/15/2015",,,,"true","The Jewish New Year","4","Jewish Holidays"
"Erev Yom Kippur","9/22/2015",,,,"true","Day of Atonement","3","Jewish Holidays"
"Yom Kippur","9/23/2015",,,,"true","Day of Atonement","4","Jewish Holidays"
"Erev Sukkot","9/27/2015",,,,"true","Feast of Tabernacles","3","Jewish Holidays"
"Sukkot I","9/28/2015",,,,"true","Feast of Tabernacles","4","Jewish Holidays"
"Sukkot II","9/29/2015",,,,"true","Feast of Tabernacles","4","Jewish Holidays"
"Sukkot III (CH''M)","9/30/2015",,,,"true","Feast of Tabernacles","3","Jewish Holidays"
"Sukkot IV (CH''M)","10/1/2015",,,,"true","Feast of Tabernacles","3","Jewish Holidays"
"Sukkot V (CH''M)","10/2/2015",,,,"true","Feast of Tabernacles","3","Jewish Holidays"
"Sukkot VI (CH''M)","10/3/2015",,,,"true","Feast of Tabernacles","3","Jewish Holidays"
"Sukkot VII (Hoshana Raba)","10/4/2015",,,,"true","Feast of Tabernacles","3","Jewish Holidays"
"Shmini Atzeret","10/5/2015",,,,"true","Eighth Day of Assembly","4","Jewish Holidays"
"Simchat Torah","10/6/2015",,,,"true","Day of Celebrating the Torah","4","Jewish Holidays"
"Chanukah: 1 Candle","12/6/2015",,,,"true","The Jewish festival of rededication; also known as the Festival of Lights","3","Jewish Holidays"
"Chanukah: 2 Candles","12/7/2015",,,,"true","The Jewish festival of rededication; also known as the Festival of Lights","3","Jewish Holidays"
"Chanukah: 3 Candles","12/8/2015",,,,"true","The Jewish festival of rededication; also known as the Festival of Lights","3","Jewish Holidays"
"Chanukah: 4 Candles","12/9/2015",,,,"true","The Jewish festival of rededication; also known as the Festival of Lights","3","Jewish Holidays"
"Chanukah: 5 Candles","12/10/2015",,,,"true","The Jewish festival of rededication; also known as the Festival of Lights","3","Jewish Holidays"
"Chanukah: 6 Candles","12/11/2015",,,,"true","The Jewish festival of rededication; also known as the Festival of Lights","3","Jewish Holidays"
"Chanukah: 7 Candles","12/12/2015",,,,"true","The Jewish festival of rededication; also known as the Festival of Lights","3","Jewish Holidays"
"Chanukah: 8 Candles","12/13/2015",,,,"true","The Jewish festival of rededication; also known as the Festival of Lights","3","Jewish Holidays"
"Chanukah: 8th Day","12/14/2015",,,,"true","The Jewish festival of rededication; also known as the Festival of Lights","3","Jewish Holidays"
"Tu BiShvat","1/25/2016",,,,"true","New Year for Trees","3","Jewish Holidays"
"Purim Katan","2/23/2016",,,,"true","Minor Purim celebration during Adar I on leap years","3","Jewish Holidays"
"Erev Purim","3/23/2016",,,,"true","Purim is one of the most joyous and fun holidays on the Jewish calendar","3","Jewish Holidays"
"Purim","3/24/2016",,,,"true","Purim is one of the most joyous and fun holidays on the Jewish calendar","3","Jewish Holidays"
"Shushan Purim","3/25/2016",,,,"true","Purim celebrated in Jerusalem and walled cities","3","Jewish Holidays"
"Erev Pesach","4/22/2016",,,,"true","Passover; the Feast of Unleavened Bread","3","Jewish Holidays"
"Pesach I","4/23/2016",,,,"true","Passover; the Feast of Unleavened Bread","4","Jewish Holidays"
"Pesach II","4/24/2016",,,,"true","Passover; the Feast of Unleavened Bread","4","Jewish Holidays"
"Pesach III (CH''M)","4/25/2016",,,,"true","Passover; the Feast of Unleavened Bread","3","Jewish Holidays"
"Pesach IV (CH''M)","4/26/2016",,,,"true","Passover; the Feast of Unleavened Bread","3","Jewish Holidays"
"Pesach V (CH''M)","4/27/2016",,,,"true","Passover; the Feast of Unleavened Bread","3","Jewish Holidays"
"Pesach VI (CH''M)","4/28/2016",,,,"true","Passover; the Feast of Unleavened Bread","3","Jewish Holidays"
"Pesach VII","4/29/2016",,,,"true","Passover; the Feast of Unleavened Bread","4","Jewish Holidays"
"Pesach VIII","4/30/2016",,,,"true","Passover; the Feast of Unleavened Bread","4","Jewish Holidays"
"Yom HaShoah","5/5/2016",,,,"true","Holocaust Memorial Day","3","Jewish Holidays"
"Yom HaZikaron","5/11/2016",,,,"true","Israeli Memorial Day","3","Jewish Holidays"
"Yom HaAtzma'ut","5/12/2016",,,,"true","Israeli Independence Day","3","Jewish Holidays"
"Pesach Sheni","5/22/2016",,,,"true","Second Passover; one month after Passover","3","Jewish Holidays"
"Lag B'Omer","5/26/2016",,,,"true","33rd day of counting the Omer","3","Jewish Holidays"
"Yom Yerushalayim","6/5/2016",,,,"true","Jerusalem Day","3","Jewish Holidays"
"Erev Shavuot","6/11/2016",,,,"true","Festival of Weeks; commemorates the giving of the Torah at Mount Sinai","3","Jewish Holidays"
"Shavuot I","6/12/2016",,,,"true","Festival of Weeks; commemorates the giving of the Torah at Mount Sinai","4","Jewish Holidays"
"Shavuot II","6/13/2016",,,,"true","Festival of Weeks; commemorates the giving of the Torah at Mount Sinai","4","Jewish Holidays"
"Erev Tish'a B'Av","8/13/2016",,,,"true","The Ninth of Av; fast commemorating the destruction of the two Temples","3","Jewish Holidays"
"Tish'a B'Av","8/14/2016",,,,"true","The Ninth of Av; fast commemorating the destruction of the two Temples","3","Jewish Holidays"
"Erev Rosh Hashana","10/2/2016",,,,"true","The Jewish New Year","3","Jewish Holidays"
"Rosh Hashana 5777","10/3/2016",,,,"true","The Jewish New Year","4","Jewish Holidays"
"Rosh Hashana II","10/4/2016",,,,"true","The Jewish New Year","4","Jewish Holidays"
"Erev Yom Kippur","10/11/2016",,,,"true","Day of Atonement","3","Jewish Holidays"
"Yom Kippur","10/12/2016",,,,"true","Day of Atonement","4","Jewish Holidays"
"Erev Sukkot","10/16/2016",,,,"true","Feast of Tabernacles","3","Jewish Holidays"
"Sukkot I","10/17/2016",,,,"true","Feast of Tabernacles","4","Jewish Holidays"
"Sukkot II","10/18/2016",,,,"true","Feast of Tabernacles","4","Jewish Holidays"
"Sukkot III (CH''M)","10/19/2016",,,,"true","Feast of Tabernacles","3","Jewish Holidays"
"Sukkot IV (CH''M)","10/20/2016",,,,"true","Feast of Tabernacles","3","Jewish Holidays"
"Sukkot V (CH''M)","10/21/2016",,,,"true","Feast of Tabernacles","3","Jewish Holidays"
"Sukkot VI (CH''M)","10/22/2016",,,,"true","Feast of Tabernacles","3","Jewish Holidays"
"Sukkot VII (Hoshana Raba)","10/23/2016",,,,"true","Feast of Tabernacles","3","Jewish Holidays"
"Shmini Atzeret","10/24/2016",,,,"true","Eighth Day of Assembly","4","Jewish Holidays"
"Simchat Torah","10/25/2016",,,,"true","Day of Celebrating the Torah","4","Jewish Holidays"
"Chanukah: 1 Candle","12/24/2016",,,,"true","The Jewish festival of rededication; also known as the Festival of Lights","3","Jewish Holidays"
"Chanukah: 2 Candles","12/25/2016",,,,"true","The Jewish festival of rededication; also known as the Festival of Lights","3","Jewish Holidays"
"Chanukah: 3 Candles","12/26/2016",,,,"true","The Jewish festival of rededication; also known as the Festival of Lights","3","Jewish Holidays"
"Chanukah: 4 Candles","12/27/2016",,,,"true","The Jewish festival of rededication; also known as the Festival of Lights","3","Jewish Holidays"
"Chanukah: 5 Candles","12/28/2016",,,,"true","The Jewish festival of rededication; also known as the Festival of Lights","3","Jewish Holidays"
"Chanukah: 6 Candles","12/29/2016",,,,"true","The Jewish festival of rededication; also known as the Festival of Lights","3","Jewish Holidays"
"Chanukah: 7 Candles","12/30/2016",,,,"true","The Jewish festival of rededication; also known as the Festival of Lights","3","Jewish Holidays"
"Chanukah: 8 Candles","12/31/2016",,,,"true","The Jewish festival of rededication; also known as the Festival of Lights","3","Jewish Holidays"
"Chanukah: 8th Day","1/1/2017",,,,"true","The Jewish festival of rededication; also known as the Festival of Lights","3","Jewish Holidays"
"Tu BiShvat","2/11/2017",,,,"true","New Year for Trees","3","Jewish Holidays"
"Erev Purim","3/11/2017",,,,"true","Purim is one of the most joyous and fun holidays on the Jewish calendar","3","Jewish Holidays"
"Purim","3/12/2017",,,,"true","Purim is one of the most joyous and fun holidays on the Jewish calendar","3","Jewish Holidays"
"Shushan Purim","3/13/2017",,,,"true","Purim celebrated in Jerusalem and walled cities","3","Jewish Holidays"
"Erev Pesach","4/10/2017",,,,"true","Passover; the Feast of Unleavened Bread","3","Jewish Holidays"
"Pesach I","4/11/2017",,,,"true","Passover; the Feast of Unleavened Bread","4","Jewish Holidays"
"Pesach II","4/12/2017",,,,"true","Passover; the Feast of Unleavened Bread","4","Jewish Holidays"
"Pesach III (CH''M)","4/13/2017",,,,"true","Passover; the Feast of Unleavened Bread","3","Jewish Holidays"
"Pesach IV (CH''M)","4/14/2017",,,,"true","Passover; the Feast of Unleavened Bread","3","Jewish Holidays"
"Pesach V (CH''M)","4/15/2017",,,,"true","Passover; the Feast of Unleavened Bread","3","Jewish Holidays"
"Pesach VI (CH''M)","4/16/2017",,,,"true","Passover; the Feast of Unleavened Bread","3","Jewish Holidays"
"Pesach VII","4/17/2017",,,,"true","Passover; the Feast of Unleavened Bread","4","Jewish Holidays"
"Pesach VIII","4/18/2017",,,,"true","Passover; the Feast of Unleavened Bread","4","Jewish Holidays"
"Yom HaShoah","4/24/2017",,,,"true","Holocaust Memorial Day","3","Jewish Holidays"
"Yom HaZikaron","5/1/2017",,,,"true","Israeli Memorial Day","3","Jewish Holidays"
"Yom HaAtzma'ut","5/2/2017",,,,"true","Israeli Independence Day","3","Jewish Holidays"
"Pesach Sheni","5/10/2017",,,,"true","Second Passover; one month after Passover","3","Jewish Holidays"
"Lag B'Omer","5/14/2017",,,,"true","33rd day of counting the Omer","3","Jewish Holidays"
"Yom Yerushalayim","5/24/2017",,,,"true","Jerusalem Day","3","Jewish Holidays"
"Erev Shavuot","5/30/2017",,,,"true","Festival of Weeks; commemorates the giving of the Torah at Mount Sinai","3","Jewish Holidays"
"Shavuot I","5/31/2017",,,,"true","Festival of Weeks; commemorates the giving of the Torah at Mount Sinai","4","Jewish Holidays"
"Shavuot II","6/1/2017",,,,"true","Festival of Weeks; commemorates the giving of the Torah at Mount Sinai","4","Jewish Holidays"
"Erev Tish'a B'Av","7/31/2017",,,,"true","The Ninth of Av; fast commemorating the destruction of the two Temples","3","Jewish Holidays"
"Tish'a B'Av","8/1/2017",,,,"true","The Ninth of Av; fast commemorating the destruction of the two Temples","3","Jewish Holidays"
"Erev Rosh Hashana","9/20/2017",,,,"true","The Jewish New Year","3","Jewish Holidays"
"Rosh Hashana 5778","9/21/2017",,,,"true","The Jewish New Year","4","Jewish Holidays"
"Rosh Hashana II","9/22/2017",,,,"true","The Jewish New Year","4","Jewish Holidays"
"Erev Yom Kippur","9/29/2017",,,,"true","Day of Atonement","3","Jewish Holidays"
"Yom Kippur","9/30/2017",,,,"true","Day of Atonement","4","Jewish Holidays"
"Erev Sukkot","10/4/2017",,,,"true","Feast of Tabernacles","3","Jewish Holidays"
"Sukkot I","10/5/2017",,,,"true","Feast of Tabernacles","4","Jewish Holidays"
"Sukkot II","10/6/2017",,,,"true","Feast of Tabernacles","4","Jewish Holidays"
"Sukkot III (CH''M)","10/7/2017",,,,"true","Feast of Tabernacles","3","Jewish Holidays"
"Sukkot IV (CH''M)","10/8/2017",,,,"true","Feast of Tabernacles","3","Jewish Holidays"
"Sukkot V (CH''M)","10/9/2017",,,,"true","Feast of Tabernacles","3","Jewish Holidays"
"Sukkot VI (CH''M)","10/10/2017",,,,"true","Feast of Tabernacles","3","Jewish Holidays"
"Sukkot VII (Hoshana Raba)","10/11/2017",,,,"true","Feast of Tabernacles","3","Jewish Holidays"
"Shmini Atzeret","10/12/2017",,,,"true","Eighth Day of Assembly","4","Jewish Holidays"
"Simchat Torah","10/13/2017",,,,"true","Day of Celebrating the Torah","4","Jewish Holidays"
"Chanukah: 1 Candle","12/12/2017",,,,"true","The Jewish festival of rededication; also known as the Festival of Lights","3","Jewish Holidays"
"Chanukah: 2 Candles","12/13/2017",,,,"true","The Jewish festival of rededication; also known as the Festival of Lights","3","Jewish Holidays"
"Chanukah: 3 Candles","12/14/2017",,,,"true","The Jewish festival of rededication; also known as the Festival of Lights","3","Jewish Holidays"
"Chanukah: 4 Candles","12/15/2017",,,,"true","The Jewish festival of rededication; also known as the Festival of Lights","3","Jewish Holidays"
"Chanukah: 5 Candles","12/16/2017",,,,"true","The Jewish festival of rededication; also known as the Festival of Lights","3","Jewish Holidays"
"Chanukah: 6 Candles","12/17/2017",,,,"true","The Jewish festival of rededication; also known as the Festival of Lights","3","Jewish Holidays"
"Chanukah: 7 Candles","12/18/2017",,,,"true","The Jewish festival of rededication; also known as the Festival of Lights","3","Jewish Holidays"
"Chanukah: 8 Candles","12/19/2017",,,,"true","The Jewish festival of rededication; also known as the Festival of Lights","3","Jewish Holidays"
"Chanukah: 8th Day","12/20/2017",,,,"true","The Jewish festival of rededication; also known as the Festival of Lights","3","Jewish Holidays"
"Tu BiShvat","1/31/2018",,,,"true","New Year for Trees","3","Jewish Holidays"
"Erev Purim","2/28/2018",,,,"true","Purim is one of the most joyous and fun holidays on the Jewish calendar","3","Jewish Holidays"
"Purim","3/1/2018",,,,"true","Purim is one of the most joyous and fun holidays on the Jewish calendar","3","Jewish Holidays"
"Shushan Purim","3/2/2018",,,,"true","Purim celebrated in Jerusalem and walled cities","3","Jewish Holidays"
"Erev Pesach","3/30/2018",,,,"true","Passover; the Feast of Unleavened Bread","3","Jewish Holidays"
"Pesach I","3/31/2018",,,,"true","Passover; the Feast of Unleavened Bread","4","Jewish Holidays"
"Pesach II","4/1/2018",,,,"true","Passover; the Feast of Unleavened Bread","4","Jewish Holidays"
"Pesach III (CH''M)","4/2/2018",,,,"true","Passover; the Feast of Unleavened Bread","3","Jewish Holidays"
"Pesach IV (CH''M)","4/3/2018",,,,"true","Passover; the Feast of Unleavened Bread","3","Jewish Holidays"
"Pesach V (CH''M)","4/4/2018",,,,"true","Passover; the Feast of Unleavened Bread","3","Jewish Holidays"
"Pesach VI (CH''M)","4/5/2018",,,,"true","Passover; the Feast of Unleavened Bread","3","Jewish Holidays"
"Pesach VII","4/6/2018",,,,"true","Passover; the Feast of Unleavened Bread","4","Jewish Holidays"
"Pesach VIII","4/7/2018",,,,"true","Passover; the Feast of Unleavened Bread","4","Jewish Holidays"
"Yom HaShoah","4/12/2018",,,,"true","Holocaust Memorial Day","3","Jewish Holidays"
"Yom HaZikaron","4/18/2018",,,,"true","Israeli Memorial Day","3","Jewish Holidays"
"Yom HaAtzma'ut","4/19/2018",,,,"true","Israeli Independence Day","3","Jewish Holidays"
"Pesach Sheni","4/29/2018",,,,"true","Second Passover; one month after Passover","3","Jewish Holidays"
"Lag B'Omer","5/3/2018",,,,"true","33rd day of counting the Omer","3","Jewish Holidays"
"Yom Yerushalayim","5/13/2018",,,,"true","Jerusalem Day","3","Jewish Holidays"
"Erev Shavuot","5/19/2018",,,,"true","Festival of Weeks; commemorates the giving of the Torah at Mount Sinai","3","Jewish Holidays"
"Shavuot I","5/20/2018",,,,"true","Festival of Weeks; commemorates the giving of the Torah at Mount Sinai","4","Jewish Holidays"
"Shavuot II","5/21/2018",,,,"true","Festival of Weeks; commemorates the giving of the Torah at Mount Sinai","4","Jewish Holidays"
"Erev Tish'a B'Av","7/21/2018",,,,"true","The Ninth of Av; fast commemorating the destruction of the two Temples","3","Jewish Holidays"
"Tish'a B'Av","7/22/2018",,,,"true","The Ninth of Av; fast commemorating the destruction of the two Temples","3","Jewish Holidays"
"Erev Rosh Hashana","9/9/2018",,,,"true","The Jewish New Year","3","Jewish Holidays"
"Rosh Hashana 5779","9/10/2018",,,,"true","The Jewish New Year","4","Jewish Holidays"
"Rosh Hashana II","9/11/2018",,,,"true","The Jewish New Year","4","Jewish Holidays"
"Erev Yom Kippur","9/18/2018",,,,"true","Day of Atonement","3","Jewish Holidays"
"Yom Kippur","9/19/2018",,,,"true","Day of Atonement","4","Jewish Holidays"
"Erev Sukkot","9/23/2018",,,,"true","Feast of Tabernacles","3","Jewish Holidays"
"Sukkot I","9/24/2018",,,,"true","Feast of Tabernacles","4","Jewish Holidays"
"Sukkot II","9/25/2018",,,,"true","Feast of Tabernacles","4","Jewish Holidays"
"Sukkot III (CH''M)","9/26/2018",,,,"true","Feast of Tabernacles","3","Jewish Holidays"
"Sukkot IV (CH''M)","9/27/2018",,,,"true","Feast of Tabernacles","3","Jewish Holidays"
"Sukkot V (CH''M)","9/28/2018",,,,"true","Feast of Tabernacles","3","Jewish Holidays"
"Sukkot VI (CH''M)","9/29/2018",,,,"true","Feast of Tabernacles","3","Jewish Holidays"
"Sukkot VII (Hoshana Raba)","9/30/2018",,,,"true","Feast of Tabernacles","3","Jewish Holidays"
"Shmini Atzeret","10/1/2018",,,,"true","Eighth Day of Assembly","4","Jewish Holidays"
"Simchat Torah","10/2/2018",,,,"true","Day of Celebrating the Torah","4","Jewish Holidays"
"Chanukah: 1 Candle","12/2/2018",,,,"true","The Jewish festival of rededication; also known as the Festival of Lights","3","Jewish Holidays"
"Chanukah: 2 Candles","12/3/2018",,,,"true","The Jewish festival of rededication; also known as the Festival of Lights","3","Jewish Holidays"
"Chanukah: 3 Candles","12/4/2018",,,,"true","The Jewish festival of rededication; also known as the Festival of Lights","3","Jewish Holidays"
"Chanukah: 4 Candles","12/5/2018",,,,"true","The Jewish festival of rededication; also known as the Festival of Lights","3","Jewish Holidays"
"Chanukah: 5 Candles","12/6/2018",,,,"true","The Jewish festival of rededication; also known as the Festival of Lights","3","Jewish Holidays"
"Chanukah: 6 Candles","12/7/2018",,,,"true","The Jewish festival of rededication; also known as the Festival of Lights","3","Jewish Holidays"
"Chanukah: 7 Candles","12/8/2018",,,,"true","The Jewish festival of rededication; also known as the Festival of Lights","3","Jewish Holidays"
"Chanukah: 8 Candles","12/9/2018",,,,"true","The Jewish festival of rededication; also known as the Festival of Lights","3","Jewish Holidays"
"Chanukah: 8th Day","12/10/2018",,,,"true","The Jewish festival of rededication; also known as the Festival of Lights","3","Jewish Holidays"
"Tu BiShvat","1/21/2019",,,,"true","New Year for Trees","3","Jewish Holidays"
"Purim Katan","2/19/2019",,,,"true","Minor Purim celebration during Adar I on leap years","3","Jewish Holidays"
"Erev Purim","3/20/2019",,,,"true","Purim is one of the most joyous and fun holidays on the Jewish calendar","3","Jewish Holidays"
"Purim","3/21/2019",,,,"true","Purim is one of the most joyous and fun holidays on the Jewish calendar","3","Jewish Holidays"
"Shushan Purim","3/22/2019",,,,"true","Purim celebrated in Jerusalem and walled cities","3","Jewish Holidays"
"Erev Pesach","4/19/2019",,,,"true","Passover; the Feast of Unleavened Bread","3","Jewish Holidays"
"Pesach I","4/20/2019",,,,"true","Passover; the Feast of Unleavened Bread","4","Jewish Holidays"
"Pesach II","4/21/2019",,,,"true","Passover; the Feast of Unleavened Bread","4","Jewish Holidays"
"Pesach III (CH''M)","4/22/2019",,,,"true","Passover; the Feast of Unleavened Bread","3","Jewish Holidays"
"Pesach IV (CH''M)","4/23/2019",,,,"true","Passover; the Feast of Unleavened Bread","3","Jewish Holidays"
"Pesach V (CH''M)","4/24/2019",,,,"true","Passover; the Feast of Unleavened Bread","3","Jewish Holidays"
"Pesach VI (CH''M)","4/25/2019",,,,"true","Passover; the Feast of Unleavened Bread","3","Jewish Holidays"
"Pesach VII","4/26/2019",,,,"true","Passover; the Feast of Unleavened Bread","4","Jewish Holidays"
"Pesach VIII","4/27/2019",,,,"true","Passover; the Feast of Unleavened Bread","4","Jewish Holidays"
"Yom HaShoah","5/2/2019",,,,"true","Holocaust Memorial Day","3","Jewish Holidays"
"Yom HaZikaron","5/8/2019",,,,"true","Israeli Memorial Day","3","Jewish Holidays"
"Yom HaAtzma'ut","5/9/2019",,,,"true","Israeli Independence Day","3","Jewish Holidays"
"Pesach Sheni","5/19/2019",,,,"true","Second Passover; one month after Passover","3","Jewish Holidays"
"Lag B'Omer","5/23/2019",,,,"true","33rd day of counting the Omer","3","Jewish Holidays"
"Yom Yerushalayim","6/2/2019",,,,"true","Jerusalem Day","3","Jewish Holidays"
"Erev Shavuot","6/8/2019",,,,"true","Festival of Weeks; commemorates the giving of the Torah at Mount Sinai","3","Jewish Holidays"
"Shavuot I","6/9/2019",,,,"true","Festival of Weeks; commemorates the giving of the Torah at Mount Sinai","4","Jewish Holidays"
"Shavuot II","6/10/2019",,,,"true","Festival of Weeks; commemorates the giving of the Torah at Mount Sinai","4","Jewish Holidays"
"Erev Tish'a B'Av","8/10/2019",,,,"true","The Ninth of Av; fast commemorating the destruction of the two Temples","3","Jewish Holidays"
"Tish'a B'Av","8/11/2019",,,,"true","The Ninth of Av; fast commemorating the destruction of the two Temples","3","Jewish Holidays"
"Erev Rosh Hashana","9/29/2019",,,,"true","The Jewish New Year","3","Jewish Holidays"
"Rosh Hashana 5780","9/30/2019",,,,"true","The Jewish New Year","4","Jewish Holidays"
"Rosh Hashana II","10/1/2019",,,,"true","The Jewish New Year","4","Jewish Holidays"
"Erev Yom Kippur","10/8/2019",,,,"true","Day of Atonement","3","Jewish Holidays"
"Yom Kippur","10/9/2019",,,,"true","Day of Atonement","4","Jewish Holidays"
"Erev Sukkot","10/13/2019",,,,"true","Feast of Tabernacles","3","Jewish Holidays"
"Sukkot I","10/14/2019",,,,"true","Feast of Tabernacles","4","Jewish Holidays"
"Sukkot II","10/15/2019",,,,"true","Feast of Tabernacles","4","Jewish Holidays"
"Sukkot III (CH''M)","10/16/2019",,,,"true","Feast of Tabernacles","3","Jewish Holidays"
"Sukkot IV (CH''M)","10/17/2019",,,,"true","Feast of Tabernacles","3","Jewish Holidays"
"Sukkot V (CH''M)","10/18/2019",,,,"true","Feast of Tabernacles","3","Jewish Holidays"
"Sukkot VI (CH''M)","10/19/2019",,,,"true","Feast of Tabernacles","3","Jewish Holidays"
"Sukkot VII (Hoshana Raba)","10/20/2019",,,,"true","Feast of Tabernacles","3","Jewish Holidays"
"Shmini Atzeret","10/21/2019",,,,"true","Eighth Day of Assembly","4","Jewish Holidays"
"Simchat Torah","10/22/2019",,,,"true","Day of Celebrating the Torah","4","Jewish Holidays"
"Chanukah: 1 Candle","12/22/2019",,,,"true","The Jewish festival of rededication; also known as the Festival of Lights","3","Jewish Holidays"
"Chanukah: 2 Candles","12/23/2019",,,,"true","The Jewish festival of rededication; also known as the Festival of Lights","3","Jewish Holidays"
"Chanukah: 3 Candles","12/24/2019",,,,"true","The Jewish festival of rededication; also known as the Festival of Lights","3","Jewish Holidays"
"Chanukah: 4 Candles","12/25/2019",,,,"true","The Jewish festival of rededication; also known as the Festival of Lights","3","Jewish Holidays"
"Chanukah: 5 Candles","12/26/2019",,,,"true","The Jewish festival of rededication; also known as the Festival of Lights","3","Jewish Holidays"
"Chanukah: 6 Candles","12/27/2019",,,,"true","The Jewish festival of rededication; also known as the Festival of Lights","3","Jewish Holidays"
"Chanukah: 7 Candles","12/28/2019",,,,"true","The Jewish festival of rededication; also known as the Festival of Lights","3","Jewish Holidays"
"Chanukah: 8 Candles","12/29/2019",,,,"true","The Jewish festival of rededication; also known as the Festival of Lights","3","Jewish Holidays"
"Chanukah: 8th Day","12/30/2019",,,,"true","The Jewish festival of rededication; also known as the Festival of Lights","3","Jewish Holidays"
"Tu BiShvat","2/10/2020",,,,"true","New Year for Trees","3","Jewish Holidays"
"Erev Purim","3/9/2020",,,,"true","Purim is one of the most joyous and fun holidays on the Jewish calendar","3","Jewish Holidays"
"Purim","3/10/2020",,,,"true","Purim is one of the most joyous and fun holidays on the Jewish calendar","3","Jewish Holidays"
"Shushan Purim","3/11/2020",,,,"true","Purim celebrated in Jerusalem and walled cities","3","Jewish Holidays"
"Erev Pesach","4/8/2020",,,,"true","Passover; the Feast of Unleavened Bread","3","Jewish Holidays"
"Pesach I","4/9/2020",,,,"true","Passover; the Feast of Unleavened Bread","4","Jewish Holidays"
"Pesach II","4/10/2020",,,,"true","Passover; the Feast of Unleavened Bread","4","Jewish Holidays"
"Pesach III (CH''M)","4/11/2020",,,,"true","Passover; the Feast of Unleavened Bread","3","Jewish Holidays"
"Pesach IV (CH''M)","4/12/2020",,,,"true","Passover; the Feast of Unleavened Bread","3","Jewish Holidays"
"Pesach V (CH''M)","4/13/2020",,,,"true","Passover; the Feast of Unleavened Bread","3","Jewish Holidays"
"Pesach VI (CH''M)","4/14/2020",,,,"true","Passover; the Feast of Unleavened Bread","3","Jewish Holidays"
"Pesach VII","4/15/2020",,,,"true","Passover; the Feast of Unleavened Bread","4","Jewish Holidays"
"Pesach VIII","4/16/2020",,,,"true","Passover; the Feast of Unleavened Bread","4","Jewish Holidays"
"Yom HaShoah","4/21/2020",,,,"true","Holocaust Memorial Day","3","Jewish Holidays"
"Yom HaZikaron","4/28/2020",,,,"true","Israeli Memorial Day","3","Jewish Holidays"
"Yom HaAtzma'ut","4/29/2020",,,,"true","Israeli Independence Day","3","Jewish Holidays"
"Pesach Sheni","5/8/2020",,,,"true","Second Passover; one month after Passover","3","Jewish Holidays"
"Lag B'Omer","5/12/2020",,,,"true","33rd day of counting the Omer","3","Jewish Holidays"
"Yom Yerushalayim","5/22/2020",,,,"true","Jerusalem Day","3","Jewish Holidays"
"Erev Shavuot","5/28/2020",,,,"true","Festival of Weeks; commemorates the giving of the Torah at Mount Sinai","3","Jewish Holidays"
"Shavuot I","5/29/2020",,,,"true","Festival of Weeks; commemorates the giving of the Torah at Mount Sinai","4","Jewish Holidays"
"Shavuot II","5/30/2020",,,,"true","Festival of Weeks; commemorates the giving of the Torah at Mount Sinai","4","Jewish Holidays"
"Erev Tish'a B'Av","7/29/2020",,,,"true","The Ninth of Av; fast commemorating the destruction of the two Temples","3","Jewish Holidays"
"Tish'a B'Av","7/30/2020",,,,"true","The Ninth of Av; fast commemorating the destruction of the two Temples","3","Jewish Holidays"
"Erev Rosh Hashana","9/18/2020",,,,"true","The Jewish New Year","3","Jewish Holidays"
"Rosh Hashana 5781","9/19/2020",,,,"true","The Jewish New Year","4","Jewish Holidays"
"Rosh Hashana II","9/20/2020",,,,"true","The Jewish New Year","4","Jewish Holidays"
"Erev Yom Kippur","9/27/2020",,,,"true","Day of Atonement","3","Jewish Holidays"
"Yom Kippur","9/28/2020",,,,"true","Day of Atonement","4","Jewish Holidays"
"Erev Sukkot","10/2/2020",,,,"true","Feast of Tabernacles","3","Jewish Holidays"
"Sukkot I","10/3/2020",,,,"true","Feast of Tabernacles","4","Jewish Holidays"
"Sukkot II","10/4/2020",,,,"true","Feast of Tabernacles","4","Jewish Holidays"
"Sukkot III (CH''M)","10/5/2020",,,,"true","Feast of Tabernacles","3","Jewish Holidays"
"Sukkot IV (CH''M)","10/6/2020",,,,"true","Feast of Tabernacles","3","Jewish Holidays"
"Sukkot V (CH''M)","10/7/2020",,,,"true","Feast of Tabernacles","3","Jewish Holidays"
"Sukkot VI (CH''M)","10/8/2020",,,,"true","Feast of Tabernacles","3","Jewish Holidays"
"Sukkot VII (Hoshana Raba)","10/9/2020",,,,"true","Feast of Tabernacles","3","Jewish Holidays"
"Shmini Atzeret","10/10/2020",,,,"true","Eighth Day of Assembly","4","Jewish Holidays"
"Simchat Torah","10/11/2020",,,,"true","Day of Celebrating the Torah","4","Jewish Holidays"
"Chanukah: 1 Candle","12/10/2020",,,,"true","The Jewish festival of rededication; also known as the Festival of Lights","3","Jewish Holidays"
"Chanukah: 2 Candles","12/11/2020",,,,"true","The Jewish festival of rededication; also known as the Festival of Lights","3","Jewish Holidays"
"Chanukah: 3 Candles","12/12/2020",,,,"true","The Jewish festival of rededication; also known as the Festival of Lights","3","Jewish Holidays"
"Chanukah: 4 Candles","12/13/2020",,,,"true","The Jewish festival of rededication; also known as the Festival of Lights","3","Jewish Holidays"
"Chanukah: 5 Candles","12/14/2020",,,,"true","The Jewish festival of rededication; also known as the Festival of Lights","3","Jewish Holidays"
"Chanukah: 6 Candles","12/15/2020",,,,"true","The Jewish festival of rededication; also known as the Festival of Lights","3","Jewish Holidays"
"Chanukah: 7 Candles","12/16/2020",,,,"true","The Jewish festival of rededication; also known as the Festival of Lights","3","Jewish Holidays"
"Chanukah: 8 Candles","12/17/2020",,,,"true","The Jewish festival of rededication; also known as the Festival of Lights","3","Jewish Holidays"
"Chanukah: 8th Day","12/18/2020",,,,"true","The Jewish festival of rededication; also known as the Festival of Lights","3","Jewish Holidays"
"Tu BiShvat","1/28/2021",,,,"true","New Year for Trees","3","Jewish Holidays"
"Erev Purim","2/25/2021",,,,"true","Purim is one of the most joyous and fun holidays on the Jewish calendar","3","Jewish Holidays"
"Purim","2/26/2021",,,,"true","Purim is one of the most joyous and fun holidays on the Jewish calendar","3","Jewish Holidays"
"Shushan Purim","2/28/2021",,,,"true","Purim celebrated in Jerusalem and walled cities","3","Jewish Holidays"
"Erev Pesach","3/27/2021",,,,"true","Passover; the Feast of Unleavened Bread","3","Jewish Holidays"
"Pesach I","3/28/2021",,,,"true","Passover; the Feast of Unleavened Bread","4","Jewish Holidays"
"Pesach II","3/29/2021",,,,"true","Passover; the Feast of Unleavened Bread","4","Jewish Holidays"
"Pesach III (CH''M)","3/30/2021",,,,"true","Passover; the Feast of Unleavened Bread","3","Jewish Holidays"
"Pesach IV (CH''M)","3/31/2021",,,,"true","Passover; the Feast of Unleavened Bread","3","Jewish Holidays"
"Pesach V (CH''M)","4/1/2021",,,,"true","Passover; the Feast of Unleavened Bread","3","Jewish Holidays"
"Pesach VI (CH''M)","4/2/2021",,,,"true","Passover; the Feast of Unleavened Bread","3","Jewish Holidays"
"Pesach VII","4/3/2021",,,,"true","Passover; the Feast of Unleavened Bread","4","Jewish Holidays"
"Pesach VIII","4/4/2021",,,,"true","Passover; the Feast of Unleavened Bread","4","Jewish Holidays"
"Yom HaShoah","4/8/2021",,,,"true","Holocaust Memorial Day","3","Jewish Holidays"
"Yom HaZikaron","4/14/2021",,,,"true","Israeli Memorial Day","3","Jewish Holidays"
"Yom HaAtzma'ut","4/15/2021",,,,"true","Israeli Independence Day","3","Jewish Holidays"
"Pesach Sheni","4/26/2021",,,,"true","Second Passover; one month after Passover","3","Jewish Holidays"
"Lag B'Omer","4/30/2021",,,,"true","33rd day of counting the Omer","3","Jewish Holidays"
"Yom Yerushalayim","5/10/2021",,,,"true","Jerusalem Day","3","Jewish Holidays"
"Erev Shavuot","5/16/2021",,,,"true","Festival of Weeks; commemorates the giving of the Torah at Mount Sinai","3","Jewish Holidays"
"Shavuot I","5/17/2021",,,,"true","Festival of Weeks; commemorates the giving of the Torah at Mount Sinai","4","Jewish Holidays"
"Shavuot II","5/18/2021",,,,"true","Festival of Weeks; commemorates the giving of the Torah at Mount Sinai","4","Jewish Holidays"
"Erev Tish'a B'Av","7/17/2021",,,,"true","The Ninth of Av; fast commemorating the destruction of the two Temples","3","Jewish Holidays"
"Tish'a B'Av","7/18/2021",,,,"true","The Ninth of Av; fast commemorating the destruction of the two Temples","3","Jewish Holidays"
"Erev Rosh Hashana","9/6/2021",,,,"true","The Jewish New Year","3","Jewish Holidays"
"Rosh Hashana 5782","9/7/2021",,,,"true","The Jewish New Year","4","Jewish Holidays"
"Rosh Hashana II","9/8/2021",,,,"true","The Jewish New Year","4","Jewish Holidays"
"Erev Yom Kippur","9/15/2021",,,,"true","Day of Atonement","3","Jewish Holidays"
"Yom Kippur","9/16/2021",,,,"true","Day of Atonement","4","Jewish Holidays"
"Erev Sukkot","9/20/2021",,,,"true","Feast of Tabernacles","3","Jewish Holidays"
"Sukkot I","9/21/2021",,,,"true","Feast of Tabernacles","4","Jewish Holidays"
"Sukkot II","9/22/2021",,,,"true","Feast of Tabernacles","4","Jewish Holidays"
"Sukkot III (CH''M)","9/23/2021",,,,"true","Feast of Tabernacles","3","Jewish Holidays"
"Sukkot IV (CH''M)","9/24/2021",,,,"true","Feast of Tabernacles","3","Jewish Holidays"
"Sukkot V (CH''M)","9/25/2021",,,,"true","Feast of Tabernacles","3","Jewish Holidays"
"Sukkot VI (CH''M)","9/26/2021",,,,"true","Feast of Tabernacles","3","Jewish Holidays"
"Sukkot VII (Hoshana Raba)","9/27/2021",,,,"true","Feast of Tabernacles","3","Jewish Holidays"
"Shmini Atzeret","9/28/2021",,,,"true","Eighth Day of Assembly","4","Jewish Holidays"
"Simchat Torah","9/29/2021",,,,"true","Day of Celebrating the Torah","4","Jewish Holidays"
"Chanukah: 1 Candle","11/28/2021",,,,"true","The Jewish festival of rededication; also known as the Festival of Lights","3","Jewish Holidays"
"Chanukah: 2 Candles","11/29/2021",,,,"true","The Jewish festival of rededication; also known as the Festival of Lights","3","Jewish Holidays"
"Chanukah: 3 Candles","11/30/2021",,,,"true","The Jewish festival of rededication; also known as the Festival of Lights","3","Jewish Holidays"
"Chanukah: 4 Candles","12/1/2021",,,,"true","The Jewish festival of rededication; also known as the Festival of Lights","3","Jewish Holidays"
"Chanukah: 5 Candles","12/2/2021",,,,"true","The Jewish festival of rededication; also known as the Festival of Lights","3","Jewish Holidays"
"Chanukah: 6 Candles","12/3/2021",,,,"true","The Jewish festival of rededication; also known as the Festival of Lights","3","Jewish Holidays"
"Chanukah: 7 Candles","12/4/2021",,,,"true","The Jewish festival of rededication; also known as the Festival of Lights","3","Jewish Holidays"
"Chanukah: 8 Candles","12/5/2021",,,,"true","The Jewish festival of rededication; also known as the Festival of Lights","3","Jewish Holidays"
"Chanukah: 8th Day","12/6/2021",,,,"true","The Jewish festival of rededication; also known as the Festival of Lights","3","Jewish Holidays"
"Tu BiShvat","1/17/2022",,,,"true","New Year for Trees","3","Jewish Holidays"
"Purim Katan","2/15/2022",,,,"true","Minor Purim celebration during Adar I on leap years","3","Jewish Holidays"
"Erev Purim","3/16/2022",,,,"true","Purim is one of the most joyous and fun holidays on the Jewish calendar","3","Jewish Holidays"
"Purim","3/17/2022",,,,"true","Purim is one of the most joyous and fun holidays on the Jewish calendar","3","Jewish Holidays"
"Shushan Purim","3/18/2022",,,,"true","Purim celebrated in Jerusalem and walled cities","3","Jewish Holidays"
"Erev Pesach","4/15/2022",,,,"true","Passover; the Feast of Unleavened Bread","3","Jewish Holidays"
"Pesach I","4/16/2022",,,,"true","Passover; the Feast of Unleavened Bread","4","Jewish Holidays"
"Pesach II","4/17/2022",,,,"true","Passover; the Feast of Unleavened Bread","4","Jewish Holidays"
"Pesach III (CH''M)","4/18/2022",,,,"true","Passover; the Feast of Unleavened Bread","3","Jewish Holidays"
"Pesach IV (CH''M)","4/19/2022",,,,"true","Passover; the Feast of Unleavened Bread","3","Jewish Holidays"
"Pesach V (CH''M)","4/20/2022",,,,"true","Passover; the Feast of Unleavened Bread","3","Jewish Holidays"
"Pesach VI (CH''M)","4/21/2022",,,,"true","Passover; the Feast of Unleavened Bread","3","Jewish Holidays"
"Pesach VII","4/22/2022",,,,"true","Passover; the Feast of Unleavened Bread","4","Jewish Holidays"
"Pesach VIII","4/23/2022",,,,"true","Passover; the Feast of Unleavened Bread","4","Jewish Holidays"
"Yom HaShoah","4/28/2022",,,,"true","Holocaust Memorial Day","3","Jewish Holidays"
"Yom HaZikaron","5/4/2022",,,,"true","Israeli Memorial Day","3","Jewish Holidays"
"Yom HaAtzma'ut","5/5/2022",,,,"true","Israeli Independence Day","3","Jewish Holidays"
"Pesach Sheni","5/15/2022",,,,"true","Second Passover; one month after Passover","3","Jewish Holidays"
"Lag B'Omer","5/19/2022",,,,"true","33rd day of counting the Omer","3","Jewish Holidays"
"Yom Yerushalayim","5/29/2022",,,,"true","Jerusalem Day","3","Jewish Holidays"
"Erev Shavuot","6/4/2022",,,,"true","Festival of Weeks; commemorates the giving of the Torah at Mount Sinai","3","Jewish Holidays"
"Shavuot I","6/5/2022",,,,"true","Festival of Weeks; commemorates the giving of the Torah at Mount Sinai","4","Jewish Holidays"
"Shavuot II","6/6/2022",,,,"true","Festival of Weeks; commemorates the giving of the Torah at Mount Sinai","4","Jewish Holidays"
"Erev Tish'a B'Av","8/6/2022",,,,"true","The Ninth of Av; fast commemorating the destruction of the two Temples","3","Jewish Holidays"
"Tish'a B'Av","8/7/2022",,,,"true","The Ninth of Av; fast commemorating the destruction of the two Temples","3","Jewish Holidays"
"Erev Rosh Hashana","9/25/2022",,,,"true","The Jewish New Year","3","Jewish Holidays"
"Rosh Hashana 5783","9/26/2022",,,,"true","The Jewish New Year","4","Jewish Holidays"
"Rosh Hashana II","9/27/2022",,,,"true","The Jewish New Year","4","Jewish Holidays"
"Erev Yom Kippur","10/4/2022",,,,"true","Day of Atonement","3","Jewish Holidays"
"Yom Kippur","10/5/2022",,,,"true","Day of Atonement","4","Jewish Holidays"
"Erev Sukkot","10/9/2022",,,,"true","Feast of Tabernacles","3","Jewish Holidays"
"Sukkot I","10/10/2022",,,,"true","Feast of Tabernacles","4","Jewish Holidays"
"Sukkot II","10/11/2022",,,,"true","Feast of Tabernacles","4","Jewish Holidays"
"Sukkot III (CH''M)","10/12/2022",,,,"true","Feast of Tabernacles","3","Jewish Holidays"
"Sukkot IV (CH''M)","10/13/2022",,,,"true","Feast of Tabernacles","3","Jewish Holidays"
"Sukkot V (CH''M)","10/14/2022",,,,"true","Feast of Tabernacles","3","Jewish Holidays"
"Sukkot VI (CH''M)","10/15/2022",,,,"true","Feast of Tabernacles","3","Jewish Holidays"
"Sukkot VII (Hoshana Raba)","10/16/2022",,,,"true","Feast of Tabernacles","3","Jewish Holidays"
"Shmini Atzeret","10/17/2022",,,,"true","Eighth Day of Assembly","4","Jewish Holidays"
"Simchat Torah","10/18/2022",,,,"true","Day of Celebrating the Torah","4","Jewish Holidays"
"Chanukah: 1 Candle","12/18/2022",,,,"true","The Jewish festival of rededication; also known as the Festival of Lights","3","Jewish Holidays"
"Chanukah: 2 Candles","12/19/2022",,,,"true","The Jewish festival of rededication; also known as the Festival of Lights","3","Jewish Holidays"
"Chanukah: 3 Candles","12/20/2022",,,,"true","The Jewish festival of rededication; also known as the Festival of Lights","3","Jewish Holidays"
"Chanukah: 4 Candles","12/21/2022",,,,"true","The Jewish festival of rededication; also known as the Festival of Lights","3","Jewish Holidays"
"Chanukah: 5 Candles","12/22/2022",,,,"true","The Jewish festival of rededication; also known as the Festival of Lights","3","Jewish Holidays"
"Chanukah: 6 Candles","12/23/2022",,,,"true","The Jewish festival of rededication; also known as the Festival of Lights","3","Jewish Holidays"
"Chanukah: 7 Candles","12/24/2022",,,,"true","The Jewish festival of rededication; also known as the Festival of Lights","3","Jewish Holidays"
"Chanukah: 8 Candles","12/25/2022",,,,"true","The Jewish festival of rededication; also known as the Festival of Lights","3","Jewish Holidays"
"Chanukah: 8th Day","12/26/2022",,,,"true","The Jewish festival of rededication; also known as the Festival of Lights","3","Jewish Holidays"
